,dataset_name,model_name,model_params,accuracy,precision,recall,correct_true,correct_false
0,ionosphere,,,,,,,
1,ionosphere,RF,"{'bootstrap': False, 'ccp_alpha': 0.0, 'class_weight': None, 'criterion': 'gini', 'max_depth': 10, 'max_features': 'log2', 'max_leaf_nodes': None, 'max_samples': None, 'min_impurity_decrease': 0.0, 'min_samples_leaf': 1, 'min_samples_split': 10, 'min_weight_fraction_leaf': 0.0, 'n_estimators': 200, 'n_jobs': None, 'oob_score': False, 'random_state': None, 'verbose': 0, 'warm_start': False}",0.9528301886792453,0.9714285714285714,0.8947368421052632,0.9852941176470589,0.8947368421052632
2,ionosphere,GB,"{'ccp_alpha': 0.0, 'criterion': 'friedman_mse', 'init': None, 'learning_rate': 0.1, 'loss': 'deviance', 'max_depth': 10, 'max_features': 'log2', 'max_leaf_nodes': None, 'min_impurity_decrease': 0.0, 'min_samples_leaf': 1, 'min_samples_split': 10, 'min_weight_fraction_leaf': 0.0, 'n_estimators': 100, 'n_iter_no_change': None, 'random_state': None, 'subsample': 1.0, 'tol': 0.0001, 'validation_fraction': 0.1, 'verbose': 0, 'warm_start': False}",0.9528301886792453,0.9714285714285714,0.8947368421052632,0.9852941176470589,0.8947368421052632
3,ionosphere,DT,"{'ccp_alpha': 0.0, 'class_weight': None, 'criterion': 'gini', 'max_depth': 6, 'max_features': 'log2', 'max_leaf_nodes': None, 'min_impurity_decrease': 0.0, 'min_samples_leaf': 10, 'min_samples_split': 2, 'min_weight_fraction_leaf': 0.0, 'random_state': None, 'splitter': 'best'}",0.9056603773584906,0.9666666666666667,0.7631578947368421,0.9852941176470589,0.7631578947368421
5,wdbc,,,,,,,
6,wdbc,RF,"{'bootstrap': True, 'ccp_alpha': 0.0, 'class_weight': None, 'criterion': 'gini', 'max_depth': 10, 'max_features': 'log2', 'max_leaf_nodes': None, 'max_samples': None, 'min_impurity_decrease': 0.0, 'min_samples_leaf': 1, 'min_samples_split': 10, 'min_weight_fraction_leaf': 0.0, 'n_estimators': 100, 'n_jobs': None, 'oob_score': False, 'random_state': None, 'verbose': 0, 'warm_start': False}",0.9649122807017544,0.9719626168224299,0.9719626168224299,0.9719626168224299,0.953125
7,wdbc,GB,"{'ccp_alpha': 0.0, 'criterion': 'friedman_mse', 'init': None, 'learning_rate': 0.1, 'loss': 'deviance', 'max_depth': 10, 'max_features': 'log2', 'max_leaf_nodes': None, 'min_impurity_decrease': 0.0, 'min_samples_leaf': 10, 'min_samples_split': 2, 'min_weight_fraction_leaf': 0.0, 'n_estimators': 100, 'n_iter_no_change': None, 'random_state': None, 'subsample': 1.0, 'tol': 0.0001, 'validation_fraction': 0.1, 'verbose': 0, 'warm_start': False}",0.9824561403508771,0.9814814814814815,0.9906542056074766,0.9906542056074766,0.96875
8,wdbc,DT,"{'ccp_alpha': 0.0, 'class_weight': None, 'criterion': 'gini', 'max_depth': 6, 'max_features': 'sqrt', 'max_leaf_nodes': None, 'min_impurity_decrease': 0.0, 'min_samples_leaf': 10, 'min_samples_split': 5, 'min_weight_fraction_leaf': 0.0, 'random_state': None, 'splitter': 'best'}",0.9590643274853801,0.9716981132075472,0.9626168224299065,0.9626168224299065,0.953125
10,credit-g,,,,,,,
11,credit-g,RF,"{'bootstrap': True, 'ccp_alpha': 0.0, 'class_weight': None, 'criterion': 'gini', 'max_depth': 10, 'max_features': 'log2', 'max_leaf_nodes': None, 'max_samples': None, 'min_impurity_decrease': 0.0, 'min_samples_leaf': 1, 'min_samples_split': 10, 'min_weight_fraction_leaf': 0.0, 'n_estimators': 100, 'n_jobs': None, 'oob_score': False, 'random_state': None, 'verbose': 0, 'warm_start': False}",0.7266666666666667,0.7689075630252101,0.8714285714285714,0.3888888888888889,0.8714285714285714
12,credit-g,GB,"{'ccp_alpha': 0.0, 'criterion': 'friedman_mse', 'init': None, 'learning_rate': 0.1, 'loss': 'deviance', 'max_depth': 1, 'max_features': 'sqrt', 'max_leaf_nodes': None, 'min_impurity_decrease': 0.0, 'min_samples_leaf': 10, 'min_samples_split': 2, 'min_weight_fraction_leaf': 0.0, 'n_estimators': 200, 'n_iter_no_change': None, 'random_state': None, 'subsample': 1.0, 'tol': 0.0001, 'validation_fraction': 0.1, 'verbose': 0, 'warm_start': False}",0.7333333333333333,0.773109243697479,0.8761904761904762,0.4,0.8761904761904762
13,credit-g,DT,"{'ccp_alpha': 0.0, 'class_weight': None, 'criterion': 'gini', 'max_depth': 6, 'max_features': 'sqrt', 'max_leaf_nodes': None, 'min_impurity_decrease': 0.0, 'min_samples_leaf': 20, 'min_samples_split': 2, 'min_weight_fraction_leaf': 0.0, 'random_state': None, 'splitter': 'best'}",0.6733333333333333,0.7121212121212122,0.8952380952380953,0.15555555555555556,0.8952380952380953
15,churn,,,,,,,
16,churn,RF,"{'bootstrap': True, 'ccp_alpha': 0.0, 'class_weight': None, 'criterion': 'gini', 'max_depth': 10, 'max_features': 'log2', 'max_leaf_nodes': None, 'max_samples': None, 'min_impurity_decrease': 0.0, 'min_samples_leaf': 1, 'min_samples_split': 2, 'min_weight_fraction_leaf': 0.0, 'n_estimators': 200, 'n_jobs': None, 'oob_score': False, 'random_state': None, 'verbose': 0, 'warm_start': False}",0.9506666666666667,0.9423076923076923,0.6933962264150944,0.9930124223602484,0.6933962264150944
17,churn,GB,"{'ccp_alpha': 0.0, 'criterion': 'friedman_mse', 'init': None, 'learning_rate': 0.1, 'loss': 'deviance', 'max_depth': 10, 'max_features': 'sqrt', 'max_leaf_nodes': None, 'min_impurity_decrease': 0.0, 'min_samples_leaf': 1, 'min_samples_split': 2, 'min_weight_fraction_leaf': 0.0, 'n_estimators': 200, 'n_iter_no_change': None, 'random_state': None, 'subsample': 1.0, 'tol': 0.0001, 'validation_fraction': 0.1, 'verbose': 0, 'warm_start': False}",0.9506666666666667,0.9107142857142857,0.7216981132075472,0.9883540372670807,0.7216981132075472
18,churn,DT,"{'ccp_alpha': 0.0, 'class_weight': None, 'criterion': 'gini', 'max_depth': 6, 'max_features': 'log2', 'max_leaf_nodes': None, 'min_impurity_decrease': 0.0, 'min_samples_leaf': 10, 'min_samples_split': 15, 'min_weight_fraction_leaf': 0.0, 'random_state': None, 'splitter': 'best'}",0.898,0.7322834645669292,0.4386792452830189,0.9736024844720497,0.4386792452830189
20,Australian,,,,,,,
21,Australian,RF,"{'bootstrap': True, 'ccp_alpha': 0.0, 'class_weight': None, 'criterion': 'gini', 'max_depth': 10, 'max_features': 'sqrt', 'max_leaf_nodes': None, 'max_samples': None, 'min_impurity_decrease': 0.0, 'min_samples_leaf': 1, 'min_samples_split': 10, 'min_weight_fraction_leaf': 0.0, 'n_estimators': 100, 'n_jobs': None, 'oob_score': False, 'random_state': None, 'verbose': 0, 'warm_start': False}",0.8405797101449275,0.8314606741573034,0.8043478260869565,0.8695652173913043,0.8043478260869565
22,Australian,GB,"{'ccp_alpha': 0.0, 'criterion': 'friedman_mse', 'init': None, 'learning_rate': 0.1, 'loss': 'exponential', 'max_depth': 10, 'max_features': 'sqrt', 'max_leaf_nodes': None, 'min_impurity_decrease': 0.0, 'min_samples_leaf': 1, 'min_samples_split': 10, 'min_weight_fraction_leaf': 0.0, 'n_estimators': 100, 'n_iter_no_change': None, 'random_state': None, 'subsample': 1.0, 'tol': 0.0001, 'validation_fraction': 0.1, 'verbose': 0, 'warm_start': False}",0.8599033816425121,0.8387096774193549,0.8478260869565217,0.8695652173913043,0.8478260869565217
23,Australian,DT,"{'ccp_alpha': 0.0, 'class_weight': None, 'criterion': 'gini', 'max_depth': 12, 'max_features': 'log2', 'max_leaf_nodes': None, 'min_impurity_decrease': 0.0, 'min_samples_leaf': 10, 'min_samples_split': 2, 'min_weight_fraction_leaf': 0.0, 'random_state': None, 'splitter': 'random'}",0.7391304347826086,0.7065217391304348,0.7065217391304348,0.7652173913043478,0.7065217391304348
25,eeg-eye-state,,,,,,,
26,eeg-eye-state,RF,"{'bootstrap': False, 'ccp_alpha': 0.0, 'class_weight': None, 'criterion': 'gini', 'max_depth': 10, 'max_features': 'sqrt', 'max_leaf_nodes': None, 'max_samples': None, 'min_impurity_decrease': 0.0, 'min_samples_leaf': 1, 'min_samples_split': 2, 'min_weight_fraction_leaf': 0.0, 'n_estimators': 200, 'n_jobs': None, 'oob_score': False, 'random_state': None, 'verbose': 0, 'warm_start': False}",0.8655985758789497,0.8396808124773304,0.9345983044004844,0.9345983044004844,0.7808626673277145
27,eeg-eye-state,GB,"{'ccp_alpha': 0.0, 'criterion': 'friedman_mse', 'init': None, 'learning_rate': 0.1, 'loss': 'deviance', 'max_depth': 10, 'max_features': 'sqrt', 'max_leaf_nodes': None, 'min_impurity_decrease': 0.0, 'min_samples_leaf': 10, 'min_samples_split': 10, 'min_weight_fraction_leaf': 0.0, 'n_estimators': 200, 'n_iter_no_change': None, 'random_state': None, 'subsample': 1.0, 'tol': 0.0001, 'validation_fraction': 0.1, 'verbose': 0, 'warm_start': False}",0.9417000445037829,0.9368836291913215,0.9588211546225273,0.9588211546225273,0.9206742687159147
28,eeg-eye-state,DT,"{'ccp_alpha': 0.0, 'class_weight': None, 'criterion': 'gini', 'max_depth': 12, 'max_features': 'sqrt', 'max_leaf_nodes': None, 'min_impurity_decrease': 0.0, 'min_samples_leaf': 10, 'min_samples_split': 2, 'min_weight_fraction_leaf': 0.0, 'random_state': None, 'splitter': 'best'}",0.7652425456163774,0.7473903966597077,0.8671780379491321,0.8671780379491321,0.6400594942984631
30,heart-statlog,,,,,,,
31,heart-statlog,RF,"{'bootstrap': True, 'ccp_alpha': 0.0, 'class_weight': None, 'criterion': 'gini', 'max_depth': 10, 'max_features': 'sqrt', 'max_leaf_nodes': None, 'max_samples': None, 'min_impurity_decrease': 0.0, 'min_samples_leaf': 1, 'min_samples_split': 10, 'min_weight_fraction_leaf': 0.0, 'n_estimators': 200, 'n_jobs': None, 'oob_score': False, 'random_state': None, 'verbose': 0, 'warm_start': False}",0.8024691358024691,0.7843137254901961,0.8888888888888888,0.6944444444444444,0.8888888888888888
32,heart-statlog,GB,"{'ccp_alpha': 0.0, 'criterion': 'friedman_mse', 'init': None, 'learning_rate': 0.1, 'loss': 'deviance', 'max_depth': 1, 'max_features': 'sqrt', 'max_leaf_nodes': None, 'min_impurity_decrease': 0.0, 'min_samples_leaf': 1, 'min_samples_split': 10, 'min_weight_fraction_leaf': 0.0, 'n_estimators': 200, 'n_iter_no_change': None, 'random_state': None, 'subsample': 1.0, 'tol': 0.0001, 'validation_fraction': 0.1, 'verbose': 0, 'warm_start': False}",0.7654320987654321,0.76,0.8444444444444444,0.6666666666666666,0.8444444444444444
33,heart-statlog,DT,"{'ccp_alpha': 0.0, 'class_weight': None, 'criterion': 'gini', 'max_depth': 6, 'max_features': 'log2', 'max_leaf_nodes': None, 'min_impurity_decrease': 0.0, 'min_samples_leaf': 20, 'min_samples_split': 15, 'min_weight_fraction_leaf': 0.0, 'random_state': None, 'splitter': 'best'}",0.7037037037037037,0.7560975609756098,0.6888888888888889,0.7222222222222222,0.6888888888888889
35,ilpd,,,,,,,
36,ilpd,RF,"{'bootstrap': True, 'ccp_alpha': 0.0, 'class_weight': None, 'criterion': 'gini', 'max_depth': 10, 'max_features': 'sqrt', 'max_leaf_nodes': None, 'max_samples': None, 'min_impurity_decrease': 0.0, 'min_samples_leaf': 1, 'min_samples_split': 2, 'min_weight_fraction_leaf': 0.0, 'n_estimators': 200, 'n_jobs': None, 'oob_score': False, 'random_state': None, 'verbose': 0, 'warm_start': False}",0.6971428571428572,0.74,0.888,0.888,0.22
37,ilpd,GB,"{'ccp_alpha': 0.0, 'criterion': 'friedman_mse', 'init': None, 'learning_rate': 0.1, 'loss': 'exponential', 'max_depth': 1, 'max_features': 'sqrt', 'max_leaf_nodes': None, 'min_impurity_decrease': 0.0, 'min_samples_leaf': 1, 'min_samples_split': 2, 'min_weight_fraction_leaf': 0.0, 'n_estimators': 100, 'n_iter_no_change': None, 'random_state': None, 'subsample': 1.0, 'tol': 0.0001, 'validation_fraction': 0.1, 'verbose': 0, 'warm_start': False}",0.72,0.7345679012345679,0.952,0.952,0.14
38,ilpd,DT,"{'ccp_alpha': 0.0, 'class_weight': None, 'criterion': 'gini', 'max_depth': 6, 'max_features': 'log2', 'max_leaf_nodes': None, 'min_impurity_decrease': 0.0, 'min_samples_leaf': 20, 'min_samples_split': 20, 'min_weight_fraction_leaf': 0.0, 'random_state': None, 'splitter': 'best'}",0.7428571428571429,0.7985074626865671,0.856,0.856,0.46
40,tic-tac-toe,,,,,,,
41,tic-tac-toe,RF,"{'bootstrap': False, 'ccp_alpha': 0.0, 'class_weight': None, 'criterion': 'gini', 'max_depth': 10, 'max_features': 'sqrt', 'max_leaf_nodes': None, 'max_samples': None, 'min_impurity_decrease': 0.0, 'min_samples_leaf': 1, 'min_samples_split': 2, 'min_weight_fraction_leaf': 0.0, 'n_estimators': 200, 'n_jobs': None, 'oob_score': False, 'random_state': None, 'verbose': 0, 'warm_start': False}",0.9409722222222222,0.9296482412060302,0.9840425531914894,0.86,0.9840425531914894
42,tic-tac-toe,GB,"{'ccp_alpha': 0.0, 'criterion': 'friedman_mse', 'init': None, 'learning_rate': 0.1, 'loss': 'deviance', 'max_depth': 10, 'max_features': 'log2', 'max_leaf_nodes': None, 'min_impurity_decrease': 0.0, 'min_samples_leaf': 10, 'min_samples_split': 10, 'min_weight_fraction_leaf': 0.0, 'n_estimators': 200, 'n_iter_no_change': None, 'random_state': None, 'subsample': 1.0, 'tol': 0.0001, 'validation_fraction': 0.1, 'verbose': 0, 'warm_start': False}",1.0,1.0,1.0,1.0,1.0
43,tic-tac-toe,DT,"{'ccp_alpha': 0.0, 'class_weight': None, 'criterion': 'gini', 'max_depth': 6, 'max_features': 'sqrt', 'max_leaf_nodes': None, 'min_impurity_decrease': 0.0, 'min_samples_leaf': 1, 'min_samples_split': 2, 'min_weight_fraction_leaf': 0.0, 'random_state': None, 'splitter': 'best'}",0.6979166666666666,0.7759562841530054,0.7553191489361702,0.59,0.7553191489361702
45,jEdit_4.0_4.2,,,,,,,
46,jEdit_4.0_4.2,RF,"{'bootstrap': True, 'ccp_alpha': 0.0, 'class_weight': None, 'criterion': 'gini', 'max_depth': 10, 'max_features': 'log2', 'max_leaf_nodes': None, 'max_samples': None, 'min_impurity_decrease': 0.0, 'min_samples_leaf': 10, 'min_samples_split': 10, 'min_weight_fraction_leaf': 0.0, 'n_estimators': 100, 'n_jobs': None, 'oob_score': False, 'random_state': None, 'verbose': 0, 'warm_start': False}",0.7831325301204819,0.7804878048780488,0.7804878048780488,0.7857142857142857,0.7804878048780488
47,jEdit_4.0_4.2,GB,"{'ccp_alpha': 0.0, 'criterion': 'friedman_mse', 'init': None, 'learning_rate': 0.1, 'loss': 'exponential', 'max_depth': 1, 'max_features': 'log2', 'max_leaf_nodes': None, 'min_impurity_decrease': 0.0, 'min_samples_leaf': 10, 'min_samples_split': 10, 'min_weight_fraction_leaf': 0.0, 'n_estimators': 100, 'n_iter_no_change': None, 'random_state': None, 'subsample': 1.0, 'tol': 0.0001, 'validation_fraction': 0.1, 'verbose': 0, 'warm_start': False}",0.8313253012048193,0.8461538461538461,0.8048780487804879,0.8571428571428571,0.8048780487804879
48,jEdit_4.0_4.2,DT,"{'ccp_alpha': 0.0, 'class_weight': None, 'criterion': 'gini', 'max_depth': 12, 'max_features': 'sqrt', 'max_leaf_nodes': None, 'min_impurity_decrease': 0.0, 'min_samples_leaf': 1, 'min_samples_split': 15, 'min_weight_fraction_leaf': 0.0, 'random_state': None, 'splitter': 'best'}",0.6626506024096386,0.6511627906976745,0.6829268292682927,0.6428571428571429,0.6829268292682927
50,diabetes,,,,,,,
51,diabetes,RF,"{'bootstrap': True, 'ccp_alpha': 0.0, 'class_weight': None, 'criterion': 'gini', 'max_depth': 10, 'max_features': 'sqrt', 'max_leaf_nodes': None, 'max_samples': None, 'min_impurity_decrease': 0.0, 'min_samples_leaf': 10, 'min_samples_split': 2, 'min_weight_fraction_leaf': 0.0, 'n_estimators': 100, 'n_jobs': None, 'oob_score': False, 'random_state': None, 'verbose': 0, 'warm_start': False}",0.7705627705627706,0.78,0.48148148148148145,0.9266666666666666,0.48148148148148145
52,diabetes,GB,"{'ccp_alpha': 0.0, 'criterion': 'friedman_mse', 'init': None, 'learning_rate': 0.1, 'loss': 'exponential', 'max_depth': 1, 'max_features': 'log2', 'max_leaf_nodes': None, 'min_impurity_decrease': 0.0, 'min_samples_leaf': 1, 'min_samples_split': 2, 'min_weight_fraction_leaf': 0.0, 'n_estimators': 100, 'n_iter_no_change': None, 'random_state': None, 'subsample': 1.0, 'tol': 0.0001, 'validation_fraction': 0.1, 'verbose': 0, 'warm_start': False}",0.7748917748917749,0.7843137254901961,0.49382716049382713,0.9266666666666666,0.49382716049382713
53,diabetes,DT,"{'ccp_alpha': 0.0, 'class_weight': None, 'criterion': 'gini', 'max_depth': 6, 'max_features': 'sqrt', 'max_leaf_nodes': None, 'min_impurity_decrease': 0.0, 'min_samples_leaf': 10, 'min_samples_split': 20, 'min_weight_fraction_leaf': 0.0, 'random_state': None, 'splitter': 'best'}",0.683982683982684,0.5740740740740741,0.38271604938271603,0.8466666666666667,0.38271604938271603
55,prnn_crabs,,,,,,,
56,prnn_crabs,RF,"{'bootstrap': True, 'ccp_alpha': 0.0, 'class_weight': None, 'criterion': 'gini', 'max_depth': 10, 'max_features': 'log2', 'max_leaf_nodes': None, 'max_samples': None, 'min_impurity_decrease': 0.0, 'min_samples_leaf': 1, 'min_samples_split': 2, 'min_weight_fraction_leaf': 0.0, 'n_estimators': 200, 'n_jobs': None, 'oob_score': False, 'random_state': None, 'verbose': 0, 'warm_start': False}",0.9333333333333333,0.9642857142857143,0.9,0.9666666666666667,0.9
57,prnn_crabs,GB,"{'ccp_alpha': 0.0, 'criterion': 'friedman_mse', 'init': None, 'learning_rate': 0.1, 'loss': 'deviance', 'max_depth': 10, 'max_features': 'log2', 'max_leaf_nodes': None, 'min_impurity_decrease': 0.0, 'min_samples_leaf': 10, 'min_samples_split': 2, 'min_weight_fraction_leaf': 0.0, 'n_estimators': 200, 'n_iter_no_change': None, 'random_state': None, 'subsample': 1.0, 'tol': 0.0001, 'validation_fraction': 0.1, 'verbose': 0, 'warm_start': False}",0.9666666666666667,0.9666666666666667,0.9666666666666667,0.9666666666666667,0.9666666666666667
58,prnn_crabs,DT,"{'ccp_alpha': 0.0, 'class_weight': None, 'criterion': 'gini', 'max_depth': 6, 'max_features': 'sqrt', 'max_leaf_nodes': None, 'min_impurity_decrease': 0.0, 'min_samples_leaf': 1, 'min_samples_split': 15, 'min_weight_fraction_leaf': 0.0, 'random_state': None, 'splitter': 'random'}",0.75,0.8260869565217391,0.6333333333333333,0.8666666666666667,0.6333333333333333
60,monks-problems-1,,,,,,,
61,monks-problems-1,RF,"{'bootstrap': False, 'ccp_alpha': 0.0, 'class_weight': None, 'criterion': 'gini', 'max_depth': 10, 'max_features': 'sqrt', 'max_leaf_nodes': None, 'max_samples': None, 'min_impurity_decrease': 0.0, 'min_samples_leaf': 1, 'min_samples_split': 2, 'min_weight_fraction_leaf': 0.0, 'n_estimators': 200, 'n_jobs': None, 'oob_score': False, 'random_state': None, 'verbose': 0, 'warm_start': False}",1.0,1.0,1.0,1.0,1.0
62,monks-problems-1,GB,"{'ccp_alpha': 0.0, 'criterion': 'friedman_mse', 'init': None, 'learning_rate': 0.1, 'loss': 'deviance', 'max_depth': 10, 'max_features': 'sqrt', 'max_leaf_nodes': None, 'min_impurity_decrease': 0.0, 'min_samples_leaf': 1, 'min_samples_split': 2, 'min_weight_fraction_leaf': 0.0, 'n_estimators': 200, 'n_iter_no_change': None, 'random_state': None, 'subsample': 1.0, 'tol': 0.0001, 'validation_fraction': 0.1, 'verbose': 0, 'warm_start': False}",1.0,1.0,1.0,1.0,1.0
63,monks-problems-1,DT,"{'ccp_alpha': 0.0, 'class_weight': None, 'criterion': 'gini', 'max_depth': 6, 'max_features': 'log2', 'max_leaf_nodes': None, 'min_impurity_decrease': 0.0, 'min_samples_leaf': 1, 'min_samples_split': 20, 'min_weight_fraction_leaf': 0.0, 'random_state': None, 'splitter': 'best'}",0.9640718562874252,1.0,0.9285714285714286,1.0,0.9285714285714286
65,monks-problems-3,,,,,,,
66,monks-problems-3,RF,"{'bootstrap': True, 'ccp_alpha': 0.0, 'class_weight': None, 'criterion': 'gini', 'max_depth': 10, 'max_features': 'sqrt', 'max_leaf_nodes': None, 'max_samples': None, 'min_impurity_decrease': 0.0, 'min_samples_leaf': 10, 'min_samples_split': 10, 'min_weight_fraction_leaf': 0.0, 'n_estimators': 100, 'n_jobs': None, 'oob_score': False, 'random_state': None, 'verbose': 0, 'warm_start': False}",0.8143712574850299,0.7413793103448276,0.9885057471264368,0.625,0.9885057471264368
67,monks-problems-3,GB,"{'ccp_alpha': 0.0, 'criterion': 'friedman_mse', 'init': None, 'learning_rate': 0.1, 'loss': 'exponential', 'max_depth': 10, 'max_features': 'sqrt', 'max_leaf_nodes': None, 'min_impurity_decrease': 0.0, 'min_samples_leaf': 10, 'min_samples_split': 2, 'min_weight_fraction_leaf': 0.0, 'n_estimators': 100, 'n_iter_no_change': None, 'random_state': None, 'subsample': 1.0, 'tol': 0.0001, 'validation_fraction': 0.1, 'verbose': 0, 'warm_start': False}",0.7425149700598802,0.7391304347826086,0.7816091954022989,0.7,0.7816091954022989
68,monks-problems-3,DT,"{'ccp_alpha': 0.0, 'class_weight': None, 'criterion': 'gini', 'max_depth': 12, 'max_features': 'log2', 'max_leaf_nodes': None, 'min_impurity_decrease': 0.0, 'min_samples_leaf': 1, 'min_samples_split': 15, 'min_weight_fraction_leaf': 0.0, 'random_state': None, 'splitter': 'random'}",0.6467065868263473,0.6372549019607843,0.7471264367816092,0.5375,0.7471264367816092
70,monks-problems-2,,,,,,,
71,monks-problems-2,RF,"{'bootstrap': False, 'ccp_alpha': 0.0, 'class_weight': None, 'criterion': 'gini', 'max_depth': 10, 'max_features': 'sqrt', 'max_leaf_nodes': None, 'max_samples': None, 'min_impurity_decrease': 0.0, 'min_samples_leaf': 1, 'min_samples_split': 2, 'min_weight_fraction_leaf': 0.0, 'n_estimators': 200, 'n_jobs': None, 'oob_score': False, 'random_state': None, 'verbose': 0, 'warm_start': False}",0.9502762430939227,0.9818181818181818,0.8709677419354839,0.9915966386554622,0.8709677419354839
72,monks-problems-2,GB,"{'ccp_alpha': 0.0, 'criterion': 'friedman_mse', 'init': None, 'learning_rate': 0.1, 'loss': 'exponential', 'max_depth': 10, 'max_features': 'log2', 'max_leaf_nodes': None, 'min_impurity_decrease': 0.0, 'min_samples_leaf': 1, 'min_samples_split': 2, 'min_weight_fraction_leaf': 0.0, 'n_estimators': 200, 'n_iter_no_change': None, 'random_state': None, 'subsample': 1.0, 'tol': 0.0001, 'validation_fraction': 0.1, 'verbose': 0, 'warm_start': False}",0.9558011049723757,0.9821428571428571,0.8870967741935484,0.9915966386554622,0.8870967741935484
73,monks-problems-2,DT,"{'ccp_alpha': 0.0, 'class_weight': None, 'criterion': 'gini', 'max_depth': 12, 'max_features': 'log2', 'max_leaf_nodes': None, 'min_impurity_decrease': 0.0, 'min_samples_leaf': 1, 'min_samples_split': 5, 'min_weight_fraction_leaf': 0.0, 'random_state': None, 'splitter': 'best'}",0.8453038674033149,0.7833333333333333,0.7580645161290323,0.8907563025210085,0.7580645161290323
75,delta_ailerons,,,,,,,
76,delta_ailerons,RF,"{'bootstrap': False, 'ccp_alpha': 0.0, 'class_weight': None, 'criterion': 'gini', 'max_depth': 10, 'max_features': 'sqrt', 'max_leaf_nodes': None, 'max_samples': None, 'min_impurity_decrease': 0.0, 'min_samples_leaf': 1, 'min_samples_split': 10, 'min_weight_fraction_leaf': 0.0, 'n_estimators': 100, 'n_jobs': None, 'oob_score': False, 'random_state': None, 'verbose': 0, 'warm_start': False}",0.9481065918653576,0.9413793103448276,0.9621145374449339,0.9322709163346613,0.9621145374449339
77,delta_ailerons,GB,"{'ccp_alpha': 0.0, 'criterion': 'friedman_mse', 'init': None, 'learning_rate': 0.1, 'loss': 'exponential', 'max_depth': 10, 'max_features': 'sqrt', 'max_leaf_nodes': None, 'min_impurity_decrease': 0.0, 'min_samples_leaf': 1, 'min_samples_split': 10, 'min_weight_fraction_leaf': 0.0, 'n_estimators': 200, 'n_iter_no_change': None, 'random_state': None, 'subsample': 1.0, 'tol': 0.0001, 'validation_fraction': 0.1, 'verbose': 0, 'warm_start': False}",0.9476390836839644,0.944396177237185,0.9577092511013215,0.9362549800796812,0.9577092511013215
78,delta_ailerons,DT,"{'ccp_alpha': 0.0, 'class_weight': None, 'criterion': 'gini', 'max_depth': 6, 'max_features': 'log2', 'max_leaf_nodes': None, 'min_impurity_decrease': 0.0, 'min_samples_leaf': 40, 'min_samples_split': 5, 'min_weight_fraction_leaf': 0.0, 'random_state': None, 'splitter': 'best'}",0.9116409537166901,0.9245960502692998,0.9074889867841409,0.9163346613545816,0.9074889867841409
80,mozilla4,,,,,,,
81,mozilla4,RF,"{'bootstrap': True, 'ccp_alpha': 0.0, 'class_weight': None, 'criterion': 'gini', 'max_depth': 10, 'max_features': 'sqrt', 'max_leaf_nodes': None, 'max_samples': None, 'min_impurity_decrease': 0.0, 'min_samples_leaf': 1, 'min_samples_split': 2, 'min_weight_fraction_leaf': 0.0, 'n_estimators': 200, 'n_jobs': None, 'oob_score': False, 'random_state': None, 'verbose': 0, 'warm_start': False}",0.9444682675814752,0.9281454979129398,0.9942510380070265,0.8427919112850619,0.9942510380070265
82,mozilla4,GB,"{'ccp_alpha': 0.0, 'criterion': 'friedman_mse', 'init': None, 'learning_rate': 0.1, 'loss': 'deviance', 'max_depth': 10, 'max_features': 'sqrt', 'max_leaf_nodes': None, 'min_impurity_decrease': 0.0, 'min_samples_leaf': 1, 'min_samples_split': 10, 'min_weight_fraction_leaf': 0.0, 'n_estimators': 200, 'n_iter_no_change': None, 'random_state': None, 'subsample': 1.0, 'tol': 0.0001, 'validation_fraction': 0.1, 'verbose': 0, 'warm_start': False}",0.9530445969125214,0.9468999386126458,0.9853082082401788,0.8871493803000652,0.9853082082401788
83,mozilla4,DT,"{'ccp_alpha': 0.0, 'class_weight': None, 'criterion': 'gini', 'max_depth': 12, 'max_features': 'log2', 'max_leaf_nodes': None, 'min_impurity_decrease': 0.0, 'min_samples_leaf': 10, 'min_samples_split': 30, 'min_weight_fraction_leaf': 0.0, 'random_state': None, 'splitter': 'best'}",0.9316037735849056,0.9302325581395349,0.9709358032577451,0.8512720156555773,0.9709358032577451
85,phoneme,,,,,,,
86,phoneme,RF,"{'bootstrap': False, 'ccp_alpha': 0.0, 'class_weight': None, 'criterion': 'gini', 'max_depth': 10, 'max_features': 'sqrt', 'max_leaf_nodes': None, 'max_samples': None, 'min_impurity_decrease': 0.0, 'min_samples_leaf': 1, 'min_samples_split': 2, 'min_weight_fraction_leaf': 0.0, 'n_estimators': 200, 'n_jobs': None, 'oob_score': False, 'random_state': None, 'verbose': 0, 'warm_start': False}",0.9013563501849569,0.928695652173913,0.9319371727748691,0.9319371727748691,0.8277310924369747
87,phoneme,GB,"{'ccp_alpha': 0.0, 'criterion': 'friedman_mse', 'init': None, 'learning_rate': 0.1, 'loss': 'deviance', 'max_depth': 10, 'max_features': 'sqrt', 'max_leaf_nodes': None, 'min_impurity_decrease': 0.0, 'min_samples_leaf': 1, 'min_samples_split': 2, 'min_weight_fraction_leaf': 0.0, 'n_estimators': 200, 'n_iter_no_change': None, 'random_state': None, 'subsample': 1.0, 'tol': 0.0001, 'validation_fraction': 0.1, 'verbose': 0, 'warm_start': False}",0.906905055487053,0.9285099052540913,0.9406631762652705,0.9406631762652705,0.8256302521008403
88,phoneme,DT,"{'ccp_alpha': 0.0, 'class_weight': None, 'criterion': 'gini', 'max_depth': 12, 'max_features': 'sqrt', 'max_leaf_nodes': None, 'min_impurity_decrease': 0.0, 'min_samples_leaf': 10, 'min_samples_split': 30, 'min_weight_fraction_leaf': 0.0, 'random_state': None, 'splitter': 'best'}",0.8286066584463625,0.8616666666666667,0.9022687609075044,0.9022687609075044,0.6512605042016807
90,blood-transfusion-service-center,,,,,,,
91,blood-transfusion-service-center,RF,"{'bootstrap': True, 'ccp_alpha': 0.0, 'class_weight': None, 'criterion': 'gini', 'max_depth': 1, 'max_features': 'log2', 'max_leaf_nodes': None, 'max_samples': None, 'min_impurity_decrease': 0.0, 'min_samples_leaf': 1, 'min_samples_split': 10, 'min_weight_fraction_leaf': 0.0, 'n_estimators': 100, 'n_jobs': None, 'oob_score': False, 'random_state': None, 'verbose': 0, 'warm_start': False}",0.76,0.76,1.0,1.0,0.0
92,blood-transfusion-service-center,GB,"{'ccp_alpha': 0.0, 'criterion': 'friedman_mse', 'init': None, 'learning_rate': 0.1, 'loss': 'deviance', 'max_depth': 1, 'max_features': 'sqrt', 'max_leaf_nodes': None, 'min_impurity_decrease': 0.0, 'min_samples_leaf': 10, 'min_samples_split': 10, 'min_weight_fraction_leaf': 0.0, 'n_estimators': 100, 'n_iter_no_change': None, 'random_state': None, 'subsample': 1.0, 'tol': 0.0001, 'validation_fraction': 0.1, 'verbose': 0, 'warm_start': False}",0.7733333333333333,0.7727272727272727,0.9941520467836257,0.9941520467836257,0.07407407407407407
93,blood-transfusion-service-center,DT,"{'ccp_alpha': 0.0, 'class_weight': None, 'criterion': 'gini', 'max_depth': 12, 'max_features': 'sqrt', 'max_leaf_nodes': None, 'min_impurity_decrease': 0.0, 'min_samples_leaf': 20, 'min_samples_split': 15, 'min_weight_fraction_leaf': 0.0, 'random_state': None, 'splitter': 'best'}",0.76,0.7910447761194029,0.9298245614035088,0.9298245614035088,0.2222222222222222
95,banknote-authentication,,,,,,,
96,banknote-authentication,RF,"{'bootstrap': False, 'ccp_alpha': 0.0, 'class_weight': None, 'criterion': 'gini', 'max_depth': 10, 'max_features': 'log2', 'max_leaf_nodes': None, 'max_samples': None, 'min_impurity_decrease': 0.0, 'min_samples_leaf': 1, 'min_samples_split': 2, 'min_weight_fraction_leaf': 0.0, 'n_estimators': 100, 'n_jobs': None, 'oob_score': False, 'random_state': None, 'verbose': 0, 'warm_start': False}",0.9902912621359223,0.987012987012987,0.9956331877729258,0.9956331877729258,0.9836065573770492
97,banknote-authentication,GB,"{'ccp_alpha': 0.0, 'criterion': 'friedman_mse', 'init': None, 'learning_rate': 0.1, 'loss': 'exponential', 'max_depth': 10, 'max_features': 'sqrt', 'max_leaf_nodes': None, 'min_impurity_decrease': 0.0, 'min_samples_leaf': 10, 'min_samples_split': 2, 'min_weight_fraction_leaf': 0.0, 'n_estimators': 200, 'n_iter_no_change': None, 'random_state': None, 'subsample': 1.0, 'tol': 0.0001, 'validation_fraction': 0.1, 'verbose': 0, 'warm_start': False}",0.9927184466019418,0.9956140350877193,0.9912663755458515,0.9912663755458515,0.994535519125683
98,banknote-authentication,DT,"{'ccp_alpha': 0.0, 'class_weight': None, 'criterion': 'gini', 'max_depth': 12, 'max_features': 'log2', 'max_leaf_nodes': None, 'min_impurity_decrease': 0.0, 'min_samples_leaf': 1, 'min_samples_split': 15, 'min_weight_fraction_leaf': 0.0, 'random_state': None, 'splitter': 'random'}",0.9635922330097088,0.9863636363636363,0.9475982532751092,0.9475982532751092,0.9836065573770492
100,haberman,,,,,,,
101,haberman,RF,"{'bootstrap': True, 'ccp_alpha': 0.0, 'class_weight': None, 'criterion': 'gini', 'max_depth': 10, 'max_features': 'sqrt', 'max_leaf_nodes': None, 'max_samples': None, 'min_impurity_decrease': 0.0, 'min_samples_leaf': 10, 'min_samples_split': 10, 'min_weight_fraction_leaf': 0.0, 'n_estimators': 200, 'n_jobs': None, 'oob_score': False, 'random_state': None, 'verbose': 0, 'warm_start': False}",0.7282608695652174,0.7654320987654321,0.9117647058823529,0.9117647058823529,0.20833333333333334
102,haberman,GB,"{'ccp_alpha': 0.0, 'criterion': 'friedman_mse', 'init': None, 'learning_rate': 0.1, 'loss': 'exponential', 'max_depth': 10, 'max_features': 'sqrt', 'max_leaf_nodes': None, 'min_impurity_decrease': 0.0, 'min_samples_leaf': 10, 'min_samples_split': 2, 'min_weight_fraction_leaf': 0.0, 'n_estimators': 100, 'n_iter_no_change': None, 'random_state': None, 'subsample': 1.0, 'tol': 0.0001, 'validation_fraction': 0.1, 'verbose': 0, 'warm_start': False}",0.6521739130434783,0.7571428571428571,0.7794117647058824,0.7794117647058824,0.2916666666666667
103,haberman,DT,"{'ccp_alpha': 0.0, 'class_weight': None, 'criterion': 'gini', 'max_depth': 12, 'max_features': 'sqrt', 'max_leaf_nodes': None, 'min_impurity_decrease': 0.0, 'min_samples_leaf': 10, 'min_samples_split': 20, 'min_weight_fraction_leaf': 0.0, 'random_state': None, 'splitter': 'best'}",0.6195652173913043,0.7142857142857143,0.8088235294117647,0.8088235294117647,0.08333333333333333
